名称,价格,地点,保证金,加价,面积
北京市通州区疃里东区34号楼-1至3层一单元101号房屋,"20,470,192",通州-通州其它-疃里东区庄园办公楼,"2,000,000元","100,000元",492.6
北京市丰台区芳古园一区23号楼23层2304号,"3,192,000",丰台,"320,000元","10,000元",74.53
北京市通州区乔庄北街305号3号楼6层161号房屋,"2,025,869.1",通州,"200,000元","10,000元",74.44
北京市房山区城关街道农林路2号9号楼3层3单元301,"1,484,000",房山,"150,000元","7,000元",98.87
北京市通州区通胡大街1号5号楼12层265单元1206号房屋,"4,481,820",通州,"500,000元","10,000元",130.14
北京市通州区通胡大街1号8号楼24层267单元2401号,"3,375,694",通州,"400,000元","10,000元",101.83
北京市朝阳区东三环中路甲10号17层2003房地产,"22,440,000",朝阳,"2,200,000元","110,000元",396.29
北京市通州区永顺南里202号楼3层2单元301号房屋,"3,029,940",通州-北关-在水一方,"300,000元","15,000元",106.86
北京市朝阳区太阳宫南街19号院（丰和园东区），为3号楼10层1单元1101室住宅用房,"28,365,200",朝阳,"2,836,520元","10,000元",270.95
北京市延庆区高塔小区7号楼4层707(115.67O),"1,901,310",延庆-延庆城区-高塔小区,"190,000元","9,000元",升价
北京经济技术开发区天宝园三里716号楼3层2单元302,"7,718,025",大兴,"780,000元","38,590元",176
东城区西营房胡同9号院1号楼7层0711号的房产,"4,700,000",东城,"470,000元","20,000元",55.95
北京市通州区潞苑北里四区14号楼19层2单元1901号房屋,"2,030,203",通州-永顺-富力惠兰美居,"200,000元","10,000元",77.2
北京市昌平区昌平镇秋实家园2号楼5层3单元501号房屋,"2,400,000",昌平,"240,000元","5,000元",127.46
北京市石景山区燕堤南路1号院2号楼15层1单元1501房屋,"1,398,400",石景山,"200,000元",暂无,69.94
位于北京市朝阳区西大望路42号院3号楼2层2单元201房产,"15,912,811",朝阳,"3,000,000元",暂无,升价
北京市西城区西直门南小街133号楼4层410公寓房产,"13,917,500",西城-官园-西派国际,"1,000,000元","50,000元",150.66
北京市通州区中山大街61号院1号楼7层805号房屋,"2,927,136",通州-新华大街-北京ONE,"300,000元","10,000元",107.69
北京市丰台区郭公庄南街19号院6号楼15层2单元1503室,"4,437,949",丰台-方庄-南方庄69号院,"400,000元","20,000元",89.2
北京市海淀区蓝靛厂南路39号院4号楼9层1-901房产,"19,109,596",海淀,"3,800,000元",暂无,升价
北京市海淀区玉泉北里一区9号楼6层4单元604（95.53O）,"3,927,007",海淀-玉泉路-玉泉新城,"780,000元",暂无,95.53
北京市海淀区海淀南路36号15层2座1505,"3,845,520",海淀,"760,000元","10,000元",53.41
北京市海淀区玉泉北里一区9号楼6层4单元604（95.53O）,"3,927,007",海淀-玉泉路-玉泉新城,"780,000元","10,000元",95.53
北京市海淀区玉泉北里一区9号楼6层4单元601（90.17O）,"3,881,444",海淀-玉泉路-玉泉新城,"770,000元",暂无,90.17
北京朝阳区林萃西里17号6层1单元602,"21,375,100",朝阳,"1,068,800元",暂无,升价
北京市海淀区玉泉北里一区9号楼6层4单元601（90.17O）,"3,881,444",海淀-玉泉路-玉泉新城,"770,000元","10,000元",90.17
北京顺义区丽来花园四区14号楼-1至3层1,"20,720,000",顺义,"4,100,000元","100,000元",567.8
北京市朝阳区和敬路4号院21号楼9层1单元903室,"2,246,480",朝阳,"400,000元","10,000元",76.41
北京市顺义区裕龙花园六区26号楼6层一单元601号房屋（121.56O）,"2,950,000",顺义-顺义城-裕龙花园六区,"590,000元","14,000元",板
北京市顺义区裕龙花园六区26号楼6层一单元601号房屋（121.56O）,"2,950,000",顺义,"590,000元",暂无,121.56
北京市顺义区瑞兆街1号院4号楼5层4单元501号房产（限价商品住房）,"1,820,000",顺义,"360,000元","9,000元",88.19
北京市朝阳区东三环中路甲10号17层2002房地产,"9,340,000",朝阳,"900,000元","40,000元",160.82
北京市顺义区仓上小区25号楼4层八单元401号房屋,"1,820,000",顺义-顺义城-仓上小区,"360,000元","9,000元",75.44
北京市顺义区金碧湖畔花园南区59号楼房地产,"11,260,000",顺义,"1,100,000元","50,000元",493.27
北京市通州区兴贸二区27号楼10层3单元1003号房屋,"3,265,477",通州-通州北苑-复兴里小区,"400,000元","10,000元",144.14
北京市朝阳区科学园南里风林绿洲11号楼1层3门1B号房地产一套,"2,599,558",朝阳-北沙滩-风林绿洲,"500,000元","5,000元",板塔结
北京市通州区永顺东里2号院3号楼5层502房屋,"2,687,586",通州-永顺-永顺东里,"300,000元","10,000元",94.25
北京市东城区香河园街1号院北区7号楼9层1001,"24,000,000",东城-东直门-香河园,"2,400,000元","20,000元",塔
北京市海淀区冷泉林语山庄三区26号楼7层2单元802房屋,"3,544,003",海淀-香山-保利西山林语,"400,000元","10,000元",89.3
北京市丰台区八宝山南路29号院1号楼3层1门301号,"1,820,000",丰台,"300,000元","9,000元",5分
北京市昌平区昌平镇水屯家园7号楼-1层1单元F102（73.58O）,"980,000",昌平,"100,000元","4,500元",73.58
北京市朝阳区建东苑17号楼1层1门101,"2,910,000",朝阳,"580,000元","10,000元",87.63
北京市延庆区温泉馨苑7号楼1至3层102,"4,840,000",延庆,"960,000元","20,000元",238.53
北京市通州区云景东里26号楼9层一单元0901号房屋,"2,590,000",通州,"300,000元","5,000元",80.88
北京市朝阳区石佛营西里1号楼3层1单元301号房屋,"2,532,262",朝阳,"300,000元","5,000元",61.14
北京市海淀区永泰园16号楼21层2104的50％份额,"3,176,000",海淀,"320,000元","15,000元",升价
朝阳区东三环中路39号院16号楼11层1201号,"5,226,683",朝阳,"500,000元","5,000元",171.17
北京市顺义区裕龙花园三区1号楼2层2单元202号房屋,"1,991,500",顺义,"199,150元",暂无,69.04
北京市朝阳区北苑家园绣菊园21号楼2302号,"4,107,015.2",朝阳-北苑-北苑家园绣菊园,"800,000元",暂无,93.93
北京市朝阳区十里堡甲2号院爱这城1号楼16层3单元1902,"12,109,926",朝阳-四惠-爱这城,"2,000,000元","60,000元",171.65
北京市丰台区怡海花园富润园2号楼8层810号,"5,840,000",丰台-科技园区-怡海花园富润园,"600,000元","10,000元",152.74
北京市朝阳区东三环南路54号院3号楼7层709房屋(89.54O),"4,350,403",朝阳,"400,000元","20,000元",89.54
位于北京市东城区东直门南大街9号6号楼31605室,"11,600,000",东城,"2,000,000元","10,000元",207.12
北京市海淀区远大园三区6号楼3单元1E房屋一套,"12,934,390",海淀,"2,000,000元",暂无,暂
北京市昌平区北七家镇水韵风情庄园四区23号楼-1至3层23-02号房屋,"7,850,000",昌平-北七家-威尼斯花园,"790,000元","5,000元",342.45
北京市昌平区昌平镇鼓楼南街5层2单元1号房地产,"2,180,000",昌平,"220,000元","5,000元",80.01
北京市昌平区回龙观镇天龙苑24号楼5层E5单元501号房地产,"4,640,000",昌平,"470,000元","5,000元",137.93
北京市石景山区金顶北路20号院19栋10层1单元1001房屋,"3,406,000",石景山,"350,000元","5,000元",90.47
北京市海淀区中关村947号楼6层4门602号房屋,"4,762,184",海淀,"500,000元","10,000元",48.36
北京市朝阳区水岸庄园810号楼-1至2层全部,"42,000,000",朝阳,"5,000,000元","200,000元",527.96
北京市朝阳区延静里中街甲18号1号楼18层4单元1801号,"10,769,000",朝阳,"1,600,000元","50,000元",114.83
北京市昌平区东小口镇天通东苑一区41号楼6至7层4单元1,"4,300,000",昌平,"860,000元","20,000元",升价
北京市海淀区紫竹院路116号11层D座1202号房屋,"5,040,000",海淀,"510,000元","5,000元",148.22
北京市朝阳区北苑家园绣菊园21号楼2302号,"4,107,015.2",朝阳-北苑-北苑家园绣菊园,"800,000元",暂无,93.93
北京市顺义区顺义东方太阳城144号楼5层2单元501号房屋,"3,500,000",顺义,"350,000元","5,000元",120.22
北京市房山区怡和北路1号院15号楼20层2001房屋,"3,239,000",房山-长阳-首开熙悦山澜庭,"350,000元","5,000元",99.4
北京市昌平区回龙观镇龙禧苑风雅园3区2号楼1单元502号房地产,"3,030,000",昌平,"310,000元","5,000元",118.82
北京市西城区华仁路5号楼2层③-2-3号,"4,330,000",西城-天桥-华仁路小区,"440,000元","5,000元",板
北京市昌平区百善镇善缘嘉园12号楼3层2单元301号,"3,674,582",昌平-百善镇-善缘家园,"370,000元","5,000元",板
北京市昌平区东小口镇天通西苑二区23号楼5层2单元501号房屋,"3,920,000",昌平-天通苑-天通苑西二区,"400,000元","5,000元",132.16
北京市丰台区怡海花园富润园2号楼8层810号,"5,840,000",丰台-科技园区-怡海花园富润园,"600,000元","10,000元",152.74
北京市昌平区天通中苑33号2层6单元201号房屋,"4,260,000",昌平-天通苑-天通中苑,"430,000元","5,000元",148.2
北京市朝阳区弘燕山水文园2号楼1层103、104号不动产,暂无,朝阳-十里河-山水文园东园,暂无,暂无,暂
北京市朝阳区光华路丙12号6层703,"4,830,000",朝阳-国贸-光华路小区,"480,000元","24,000元",176.54
北京市海淀区永泰园16号楼21层2104的50％份额,"3,176,000",海淀,"320,000元","15,000元",升价
北京市昌平区东小口镇天通西苑三区3号楼11层8号房屋,"3,550,000",昌平,"360,000元","5,000元",143.56
北京市朝阳区周庄山水文园221号107室,"28,239,176",朝阳,暂无,"100,000元",南
北京市朝阳区双桥南街9号院5号楼1层1单元101号,"2,950,000",朝阳,"400,000元","10,000元",86.12
北京市大兴区龙景湾四区43号楼2层2单元202(现编号：M3-2-202)。,"4,095,700",大兴-庞各庄-龙熙顺景公寓,"400,000元","20,000元",183.91
北京市朝阳区弘燕山水文园2号楼1层108、109号不动产,暂无,朝阳-十里河-山水文园东园,暂无,暂无,暂
北京市朝阳区周庄山水文园221号110室,"25,187,540",朝阳,暂无,"100,000元",南
北京市朝阳区周庄山水文园221号108室,"29,586,188",朝阳,暂无,"100,000元",南
北京市朝阳区松榆南路38号院6号楼2层3单元201号,"4,640,000",朝阳,"700,000元","20,000元",103.34
北京市朝阳区京奥家园512号楼2层5单元202号,"5,560,000",朝阳,"800,000元","25,000元",122.63
北京市朝阳区光华路9号3号楼13层1303号,"10,500,000",朝阳,"1,500,000元","50,000元",306.72
北京市顺义区双裕东区17号楼6层三单元603房屋,"3,110,000",顺义-后沙峪-双裕东区,"620,000元","15,000元",105.05
北京市顺义区绿港家园三区11号楼18层2单元1803房屋,"2,670,000",顺义-顺义城-金汉绿港,"530,000元","10,000元",91.47
北京市朝阳区西大望路19号院4号楼6层6单元602,"8,508,600",朝阳-百子湾-金港国际,"1,000,000元","40,000元",145.04
北京市西城区华仁路5号楼2层③-2-3号,"4,330,000",西城,"440,000元",暂无,64.52
北京市延庆区沈家营镇天成中路1号院6号楼9层3单元902号房屋,"1,330,000",延庆,"140,000元","5,000元",68.01
北京市通州区后南仓25号楼3层432号房屋,"1,400,259",通州-万达-后南仓,"200,000元","5,000元",40.32
北京市昌平区北七家镇水韵风情庄园四区23号楼-1至3层23-02号房屋,"7,850,000",昌平-北七家-威尼斯花园,"790,000元","5,000元",342.45
朝阳区东三环中路39号院16号楼11层1201号,"5,226,683",朝阳,"500,000元","5,000元",171.17
北京市昌平区天通中苑小区54号楼3层4单元302室房产,"4,293,152.5",昌平-天通苑-天通中苑,"400,000元","20,000元",158.07
北京市朝阳区首图东路5号1号楼11层12E房屋,"7,798,896",朝阳-十里河-御景园,"800,000元","10,000元",206.32
北京市顺义区丽来花园二区115号楼-1至3层全部,"70,000,000",顺义,"7,000,000元","350,000元",1057.49
北京市朝阳区八里庄北里205号楼5层1单元153,"2,491,945",朝阳,"450,000元","10,000元",62.71
北京市通州区潞苑东路40号院11号楼3层1单元304,"2,738,635",通州,"280,000元","10,000元",96.12
北京市东城区广渠家园2楼14层1411,"6,069,000",东城,"600,000元","30,000元",5分
北京市东城区东直门外大街乙36号院25号楼8层1单元911,"3,775,000",东城,"400,000元","15,000元",5分
北京市朝阳区霞光里66号院3号楼13层12A09室,"8,530,000",朝阳,"900,000元","40,000元",160.51
北京市朝阳区朝阳区首图东路5号1号楼10层11H,"8,900,000",朝阳,"1,700,000元","5,000元",227.28
北京市东城区安定门外大街80号甲楼12层1201号,"6,651,260",东城,"665,000元","30,000元",84.16
北京市昌平区水库北路9号院3号楼-1至3层房屋,"62,000,000",昌平,"6,000,000元","300,000元",5分
北京市昌平区水库北路9号院6号楼-1至3层房屋,"50,694,000",昌平,"5,000,000元","250,000元",5分
北京市通州区芙蓉园287号楼4层1单元506房屋,"2,622,833",通州,"260,000元","10,000元",68.09
北京市朝阳区和敬路2号院20号楼15层2单元1502号,"1,840,000",朝阳,"184,000元","9,200元",61.5
北京市昌平区水库北路9号院9号楼-1至2层房屋,"50,120,000",昌平,"5,000,000元","250,000元",5分
北京市昌平区水库北路9号院8号楼-1至3层房屋,"58,674,000",昌平,"5,000,000元","290,000元",5分
北京市大兴区永兴路5号院16号楼3至4层311,"2,310,000",大兴,"230,000元","11,000元",93.24
北京市朝阳区建国路18号院20号楼29层2908房屋,"5,393,800",朝阳,"539,380元","10,000元",143.33
北京市朝阳区甜水园西园15号楼16层2单元1902,"4,020,000",朝阳,"420,000元","20,000元",5分
北京市通州区京洲园391号楼4层342号房屋,"1,587,574",通州-九棵树-中泽家园,"160,000元","5,000元",61.39
北京市顺义区裕龙花园三区1号楼2层2单元202 号房屋,"1,991,500",顺义-顺义城-裕龙花园三区,"199,150元","9,000元",板
石景山区依翠园3号楼5层2单元502号,"5,000,000",石景山,"800,000元","10,000元",133.63
北京大兴区开泰西里17号楼3至4层2单元301,"9,363,580",大兴-亦庄-金色漫香林别墅,"1,000,000元","10,000元",197.97
北京市西城区车公庄大街9号院5号楼3层302（237.41O）,"19,180,800",西城,"3,800,000元",暂无,237.41
北京市西城区车公庄大街9号院5号楼3层302（237.41O）,"19,180,800",海淀,"3,800,000元",暂无,237.41
北京市西城区月坛北小街9号楼1层3门3,"6,955,693",西城,"1,050,000元","10,000元",74.4
北京市海淀区海淀中街15号2号楼9层1086（136.09O）,"9,280,000",海淀,"930,000元","45,000元",136.09
北京市昌平区回龙观镇龙禧苑云趣园三区20号楼2层2单元202（145.73O）,"4,240,000",昌平,"430,000元","20,000元",145.73
北京市朝阳区姚家园西里甲7号院2号楼6层01单元601,"7,020,000",朝阳,"1,050,000元","35,000元",132.28
北京市东城区广渠家园2楼14层1410,"6,069,000",东城,"600,000元","30,000元",5分
北京市大兴区兴丰大街（一段）18号院24幢-1层-223号不动产,"308,250",大兴,"30,000元","3,000元",33.81
北京市昌平区回龙观镇龙禧苑云趣园三区20号楼2层2单元202（145.73O）,"4,240,000",昌平,"430,000元",暂无,145.73
房山区汇丰街4号院25号1层2单元3,"1,520,000",房山,"152,000元","7,600元",150.82
北京市海淀区安宁庄西路15号9号楼1层2门101号房屋,"12,057,419",海淀-清河-安宁庄西路,"610,000元","50,000元",167.37
北京市朝阳区朝阳公园南路6号1号楼1层1H（175.21O）,"10,940,000",朝阳,"2,000,000元",暂无,175.21
北京市朝阳区朝阳公园南路6号1号楼1层1H（175.21O）,"10,940,000",朝阳,"2,000,000元","54,000元",175.21
北京市朝阳区周庄山水文园206号楼-1至2层2单元101号房产,"48,900,000",朝阳,"5,000,000元","100,000元",不
北京市朝阳区小庄6号院1号楼13层16C房产,"19,200,000",朝阳,"2,000,000元","100,000元",不
北京市丰台区石榴园北里12号楼4层7单元402号,"2,330,000",丰台,"200,000元","10,000元",暂
北京市大兴区黄村中里36号楼11层5单元1101号不动产,"4,854,010",大兴,"480,000元","10,000元",179.31
北京市丰台区城南嘉园益星园6号楼1层3-102号,"7,800,000",丰台,"780,000元","10,000元",5分
北京市通州区九棵树中路998号3层998―商61号(186.44O),"3,870,000",通州,"390,000元","15,000元",186.44
北京市丰台区丰桥路2号院4号楼13层4单元1602号,"4,330,000",丰台,"450,000元","20,000元",5分
北京市大兴区鹿华路1号院12号楼5层2单元602,"6,685,000",大兴,"700,000元","30,000元",173.85
北京市房山区民丰东街6号院3号楼4层402室,"6,321,680",房山,"1,200,000元","30,000元",212.53
北京市大兴区乐园路20号院3号楼4层2单元502,"9,050,751",大兴,"900,000元",暂无,216.38
北京市昌平区东小口镇佳运园12号楼4层6单元642号（86.04O）,"2,900,000",昌平,"290,000元",暂无,86.04
北京市朝阳区东三环北路55号2楼17层2003,"11,127,000",朝阳,"1,110,000元",暂无,220.9
北京市海淀区蓝靛厂金夕园1号楼6层7W（125.1O）,"7,820,000",海淀,"790,000元",暂无,125.1
北京市怀柔区青春路七院10号楼1层2-102的房屋,"1,686,969.9",怀柔,"160,000元","8,000元",72.68
北京市海淀区蓝靛厂金夕园1号楼6层7W（125.1O）,"7,820,000",海淀,"790,000元","30,000元",125.1
北京市朝阳区吕营嘉园201号楼3层5单元302,"2,810,000",朝阳,"560,000元","10,000元",88.62
北京市朝阳区泛海世家西府4号楼2单元8层802,"47,716,360",朝阳,"9,000,000元","200,000元",371.29
北京市通州区富河园23号楼5层651,"2,992,071",通州,"450,000元","10,000元",104.79
北京市丰台区镇国寺北街4号院9号楼-4-603室房产,"6,500,000",丰台,"500,000元","30,000元",升价
北京市顺义区顺安路33号院一区11号楼1层1单元103室房屋一套,"5,500,000",顺义,"550,000元",暂无,升价
北京市朝阳区延静东里6号楼26层2602,"3,456,400",朝阳-红庙-延静东里,"690,000元","17,000元",80.17
北京市朝阳区阜荣街15号院2号楼18层2单元 1802,"5,300,000",朝阳,"1,050,000元","25,000元",88.89
北京市昌平区东小口镇佳运园12号楼4层6单元642号（86.04O）,"2,900,000",昌平,"290,000元","10,000元",86.04
北京市房山区长阳碧桂园3号楼4层1-402,"2,132,298",房山,"320,000元","10,000元",121.52
北京市东城区广渠家园23楼6层1单元608,"4,186,000",东城,"420,000元","20,000元",升价
北京市朝阳区豆各庄六号院45号楼1至2层E单元102号房屋,"5,772,738",朝阳,"580,000元","5,000元",升价
密云区行宫街48号院9号楼4层2单元401,"2,371,005",密云,"400,000元","5,000元",升价
北京市通州区九棵树中路998号1层998―商29号（158.87O）,"4,560,000",通州,"460,000元","20,000元",升价
北京市昌平区枫树家园十区8号-1至2层全部房屋,"12,930,000",昌平,"1,300,000元","5,000元",401.84
房山区汇丰街1号院4号楼9至10层4单元901,"2,350,000",房山,"235,000元","11,700元",205.92
密云区东鱼市口胡同9号楼9层1单元901,"1,911,153",密云,"380,000元","5,000元",升价
北京市大兴区旧宫镇芳源里丙4号楼1层2-101（90.32O）,"3,360,000",大兴,"670,000元",暂无,升价
北京市海淀区海淀南路36号9层2座0930号房屋,"5,225,400",海淀,"1,040,000元","20,000元",升价
北京市海淀区蓝靛厂南路39号院6号楼2-702（178.49O）,"14,490,000",海淀,"2,800,000元","70,000元",178.49
北京市朝阳区慧忠北里312号楼9层904,"5,437,810",朝阳,"1,000,000元",暂无,139.64
北京市西城区裕中东里29号楼4层4门402房屋,"5,658,284",西城,"900,000元","10,000元",57.5
北京市朝阳区延静里7号楼3层1门132,"2,269,123.8",朝阳,"450,000元","10,000元",52.65
北京市朝阳区甜水西园18号楼10层2单元1101,"4,920,000",朝阳,"600,000元","20,000元",86.13
北京市石景山区杨庄北区28号楼12层5单元1201号房屋,"1,610,000",石景山,"250,000元","10,000元",44.62
北京市朝阳区南磨房路16号院6号楼17层1703,"4,595,053.5",朝阳,"900,000元","20,000元",87.59
北京市西城区东南园8、9号楼9号楼二层201房屋,"3,119,620",西城,"470,000元",暂无,36.09
北京市海淀区定慧北里15号楼6层3门601,"5,512,500",海淀,"830,000元","27,000元",74.55
北京市朝阳区光华路22号2层217,"6,601,000",朝阳,"700,000元","30,000元",升价
北京市昌平区回龙观镇龙禧苑二区15号楼1层3单元101号,"5,030,500",昌平,"1,000,000元","25,000元",166.8
北京市通州区九棵树中路998号2层998―商48号（197.8O）,"4,330,000",通州,"440,000元","20,000元",197.8
北京市昌平区东小口镇天通苑五区18号楼3层3单元2号,"4,610,000",昌平,"470,000元","5,000元",160.1
北京市丰台区开阳里六区8号楼2层3单元204号,"6,270,000",丰台,"620,000元","30,000元",5分
北京市石景山区模式口西里56号楼3层3单元302号房屋,"1,680,000",石景山,"300,000元","5,000元",54.03
北京市东城区菊儿胡同21号院1层211号（戊）（104.94O）,"9,330,000",东城,"940,000元","30,000元",106.94
北京市丰台区小屯西路109号院10号楼8-9层1单元802号房屋,"12,400,000",丰台,"2,000,000元","30,000元",不
北京经济技术开发区天华园二里二区1号楼5层F单元503,"2,562,000",大兴,"510,000元","10,000元",80.03
北京市东城区菊儿胡同21号院1层211号（戊）（104.94O）,"9,330,000",东城,"940,000元",暂无,106.94
北京市海淀区京泉馨苑南里17号楼1层2单元102（95.31O）,"3,870,000",海淀,"390,000元",1.9元,暂
北京市大兴区黄村镇黄村西里14号楼5层2-503,"1,435,000",大兴,"140,000元","7,175元",53.68
北京市昌平区东小口镇天通西苑三区35号楼13层4单元1302号房屋,"3,870,000",昌平,"390,000元","5,000元",164.71
北京市西城区真武庙路二条10号楼10层2单元1102号房产,"25,024,020",西城,"5,000,000元","120,000元",287.17
北京市通州区景盛北一街16号216号楼14层1单元1402（103.19O）,"1,840,000",通州,"190,000元","9,000元",103.19
北京市西城区真武庙路二条10号楼11层2单元1201号房产,"24,411,940",西城,"4,880,000元","120,000元",288.72
北京市昌平区回龙观镇金榜园17号楼2单元102号房屋,"3,440,000",昌平,"350,000元","5,000元",90.7
北京市昌平区北七家镇水韵风情庄园一区11号楼-1至3层11-3号房屋,"7,840,000",昌平-北七家-威尼斯花园,"790,000元","5,000元",346.43
北京市朝阳区西坝河北里25号楼D-1703号房地产,"5,500,000",朝阳,"550,000元","5,000元",102.42
北京市海淀区羊坊店路18号2幢9层942（171.25O）,"3,460,000",海淀,"349,420元","17,000元",171.25
北京市海淀区牡丹园西里9号楼4层401号,"3,620,000",海淀,"700,000元","15,000元",50.2
北京市朝阳区团结湖东里12号B楼12层15A,"2,300,000",朝阳,"460,000元","10,000元",44.94
北京市海淀区羊坊店路18号2幢7层742（171.25O）,"3,720,000",海淀,"377,420元","18,000元",171.25
北京市延庆区沈家营镇天成中路1号院6号楼9层3单元902号房屋,"1,500,000",延庆,"150,000元","5,000元",68.01
北京市朝阳区朝来绿色家园来春园37号楼1层105,"5,820,000",朝阳-来广营-朝来绿色家园,"1,100,000元","20,000元",205.37
北京市海淀区羊坊店路18号2幢5层546（61.42O）,"1,300,000",海淀,"135,460元","6,000元",61.42
北京市海淀区羊坊店路18号2幢6层601―5（73.51O）,"1,310,000",海淀,"136,015元","6,000元",73.51
北京市昌平区西关路20号3号楼13层3-1616号房屋,"2,010,000",昌平,"210,000元","5,000元",111.12
北京市丰台区西木樨园8号5层5025号房屋,"540,000",丰台,"60,000元","5,000元",41.47
北京市朝阳区北苑东路19号院4号楼17层1710,"1,780,000",朝阳-百子湾-百子湾路29号院,"200,000元","8,000元",68.61
北京市昌平区建材城西路87号2号楼7层2单元710号房屋,"6,070,000",昌平-回龙观-上奥世纪中心,"610,000元","5,000元",238.25
北京市东城区光明路7号2号楼房产（房号为201、301、401、402）及其土地使用权,"77,229,152",东城,"15,000,000元","380,000元",5分
北京市朝阳区安立路甲54号房产,"137,331,008",朝阳-安立路甲56号楼,"10,000,000元","50,000元",4288.73
北京市丰台区长云路2号院11号楼1层03,"2,544,000",丰台,"254,400元","10,000元",109.47
北京市丰台区长云路2号院11号楼1层02,"2,544,000",丰台,"254,000元","10,000元",110.05
北京市密云区长安街1号檀州大厦西楼6层610（38.46O）,"557,200",密云,"110,000元",暂无,38.46
北京市顺义区裕曦路7号院5号楼4层409,"1,200,000",顺义,"240,000元","6,000元",60.96
北京市经济技术开发区荣华中路5号院1号楼101号,"20,379,590",大兴,"2,000,000元",暂无,972.5
北京市顺义区天承环路8号院5号楼9层904号房屋,"3,450,000",顺义,"350,000元","10,000元",184.26
北京市西城区茶马北街1号院1号楼2层1区1-2-129号,"1,170,000",西城,"150,000元","5,000元",5分
北京市经济技术开发区荣华中路5号院2号楼201、301号,"19,163,830",大兴,"2,000,000元",暂无,1084.58
北京市经济技术开发区文化园8号院2号楼2层204,"5,950,000",大兴,"1,190,000元","20,000元",287.3
北京市朝阳区新东路10号楼3层311号的房产,"7,200,000",朝阳,"720,000元","10,000元",
北京市顺义区裕曦路11号院2号楼7层706号,"2,430,000",顺义,"200,000元","10,000元",159.11
北京市平谷区马坊镇金河街106号院2号楼1至3层2-7号房屋及房屋内物品,"2,675,000",平谷,"270,000元","10,000元",157.33
北京市通州区九棵树中路998号1层998&mdash;商29号（158.87O）,"4,560,000",通州,"460,000元",暂无,158.87
北京市通州区九棵树中路998号3层998&mdash;商61号(186.44O),"3,870,000",通州,"390,000元",暂无,186.44
北京市海淀区白家疃尚峰园1号楼2层206（66.27O）,"1,470,000",海淀,"150,000元","7,000元",66.27
北京市通州区九棵树中路998号2层998&mdash;商48号（197.8O）,"4,330,000",通州,"440,000元",暂无,197.8
北京市顺义区金关北二街3号院2号楼8层827,"650,000",顺义,"100,000元","6,000元",47.34
北京市朝阳区红松路1号院2号楼1至2层113，114,"7,395,400",朝阳,"1,200,000元","36,000元",269.16
北京市昌平区回龙观东大街336号院3号楼3层306,"1,575,000",昌平-回龙观-北回归线,"160,000元","7,000元",70.55
北京市海淀区羊坊店路18号2幢6层601―23（115.58O）,"2,450,000",海淀,"246,012.3元","12,000元",115.58
北京市通州区北苑一路1号院1号楼1至2层1-1房屋,"7,069,000",通州,"1,400,000元","10,000元",285.68
北京市海淀区羊坊店路18号2幢10层1023（64.83O）,"1,160,000",海淀,"121,023元","5,000元",64.83
北京市海淀区羊坊店路18号2幢8层818-2（63.93O）,"1,140,000",海淀,"118,182元","5,000元",63.93
北京市门头沟区新城城子地区滨河路23号西山御园16号楼1301室,"13,222,013",门头沟,"1,800,000元","30,000元",219.3
北京市密云区果园西路38号院6号楼2层204房屋,"2,225,000",密云,"400,000元","10,000元",169
北京市西城区马连道东街15号院8号楼905房屋19/120的份额,"562,531.2",西城,"50,000元","5,000元",77.18
北京市延庆区高塔小区7号楼4层707(115.67O),"1,901,310",延庆-延庆城区-高塔小区,"190,000元",暂无,115.67
北京市朝阳区黄厂路3号院9号楼8层817号房产、位于北京市朝阳区黄厂路3号院1号楼至9号楼地下车库－1层071号车位,"1,129,240",朝阳,"200,000元","5,000元",升价
北京市房山区窦店镇沁馥家园10号楼6层3-601号,"1,500,000",房山,"150,000元","5,000元",174.48
北京市海淀区永定路乙1号院14号楼-2层C2033号车库（建筑面积：65.71O）,"300,000",海淀,"50,000元","3,000元",65.71
北京市房山区阎村镇绿城.百合公寓玉泉苑6号18层3单元1801号房产一套,"7,343,694",房山,"700,000元","30,000元",升价
北京市房山区阎村镇绿城.百合公寓玉泉苑6号18层3单元1801号房产一套,"7,343,694",房山,"700,000元",暂无,420.7
北京市朝阳区三里屯南路20号楼-2层地下室房屋,"4,305,000",朝阳,"400,000元","10,000元",446.86
北京市海淀区永定路乙1号院14号楼-2层C2033号车库（建筑面积：65.71O）,"300,000",海淀,"50,000元",暂无,65.71
北京市大兴区黄村镇双河南里14号楼6层12-602,"2,023,535",大兴,"300,000元","10,000元",109.65
北京市海淀区安宁庄西路9号院19、20、21、22、23号楼地下车库-1层319（37.72O）,"190,000",海淀,"20,000元",暂无,37.72
北京市丰台区光彩路65号院6号楼3层319,"2,121,000",丰台,"300,000元","5,000元",128.36
北京市大兴区兴泰街5号院12号楼2层1单元203,"2,177,000",大兴,"400,000元","10,000元",46.95
房山区汇丰街4号院16号4层4单元402,"1,810,000",房山,"181,000元","9,000元",156.35
房山区汇丰街1号院4号楼9至10层3单元901,"2,310,000",房山,"231,000元","11,500元",202.49
北京市房山区长阳镇溪雅苑二区9号13层1单元1302房屋,"3,710,000",房山,"560,000元","10,000元",153.64
房山区汇丰街4号院16号2层4单元202,"1,800,000",房山,"180,000元","9,000元",156.35
房山区汇丰街1号院4号楼9至10层3单元902,"2,170,000",房山,"217,000元","10,000元",190.29
房山区汇丰街4号院16号3层4单元302,"1,810,000",房山,"181,000元","9,000元",156.35
房山区汇丰街4号院25号1层2单元4,"1,530,000",房山,"153,000元","7,600元",151.45
房山区汇丰街4号院25号1层1单元2,"1,520,000",房山,"152,000元","7,600元",150.82
北京市朝阳区光华路甲8号15层1801（57.16O）,"3,040,000",朝阳,"310,000元","10,000元",57.16
北京市朝阳区广渠门外大街1号院3号楼28层3212,"7,980,000",朝阳,"1,590,000元","39,000元",98.54
房山区长阳镇碧波园11号楼5层5-501,"1,940,000",房山,"194,000元","9,700元",98.71
北京市大兴区龙景湾四区43号楼2层2单元202(现编号：M3-2-202)。,"4,095,700",大兴,"400,000元",暂无,183.91
北京市大兴区宏业路2号院3号楼9层901,"1,701,000",大兴,"170,000元","8,000元",68.81
北京市房山区卓秀北街6号院1号楼18层二单元1804,"3,052,000",房山-长阳-智汇雅苑,"310,000元","10,000元",121.02
北京市石景山区苹果园路2号院1号楼-2层-213,"176,000",石景山,"35,000元","1,500元",44.83
朝阳区东三环中路39号院16号楼11层1203号,"7,317,618.5",朝阳,"800,000元","5,000元",253.59
北京市通州区榆滨芳苑108号楼-1至2层全部房产,"31,410,000",通州,"3,100,000元","150,000元",5分
北京市西城区安德路134号楼6层5门601房屋,"9,816,762",西城,"1,480,000元","10,000元",95.64
北京市通州区新华南路34号11号楼7层0704号房屋,"4,380,000",通州,"440,000元","5,000元",135.41
朝阳区东三环中路39号院16号楼11层1205号,"5,766,439.5",朝阳,"600,000元","5,000元",188.91
房山区知兴西路2号院10号楼11层1136,"775,500",房山,"77,600元","3,800元",38.03
北京市朝阳区百子湾东里216号楼5层3单元502号,"2,720,000",朝阳,"540,000元","13,000元",62.64
房山区阜盛东街70号院1号楼12层1207,"2,463,600",房山,"246,300元","12,300元",90.63
北京市通州区寨辛庄东路8号院14号楼5至6层3单元501（168.51平方米）,"4,271,660",通州,"450,000元","20,000元",168.51
北京市大兴区旧宫镇芳源里丙4号楼1层2-101（90.32O）,"3,360,000",大兴,"670,000元",暂无,90.32
北京市通州区安顺路2号院6号楼10层2单元1001,"1,407,000",通州,"150,000元","7,000元",53.47
北京市密云区长安街1号檀州大厦西楼6层610（38.46O）,"557,200",密云,"110,000元",暂无,38.46
北京市房山区长阳镇碧桂园46号楼13层1单元1301,"2,025,236",房山,"400,000元","10,000元",111.97
北京市丰台区镇国寺北街4号院9号楼-4-603室房产,"6,500,000",丰台,"500,000元","30,000元",暂
北京市朝阳区东方东路1号26层1单元2602房屋,"11,446,905",朝阳,"1,200,000元","10,000元",234.53
北京市怀柔区汤河口镇后安岭村的别墅两栋的72年使用权,"4,032,000",怀柔,"400,000元","20,000元",410
北京经济技术开发区科创五街38号院3号楼8层851,"686,700",大兴,"68,000元","6,800元",5分
北京市朝阳区朝来绿色家园来春园37号楼1层106,"6,426,000",朝阳-来广营-朝来绿色家园,"1,200,000元","30,000元",226.88
北京市朝阳区朝来绿色家园来春园37号楼1层104,"12,459,000",朝阳-来广营-朝来绿色家园,"2,400,000元","60,000元",439.88
北京市朝阳区大屯里318号楼4层401商业房产及附属设备,"331,576,320",朝阳,"30,000,000元","1,000,000元",15641.86
北京市朝阳区朝来绿色家园来春园37号楼1层108,"5,075,000",朝阳-来广营-朝来绿色家园,"1,000,000元","20,000元",175.65
北京市朝阳区朝来绿色家园来春园37号楼1层102,"8,845,000",朝阳-来广营-朝来绿色家园,"1,700,000元","40,000元",309.21
北京市房山区篱笆园南路10号院8号楼1层123号房屋,"670,000",房山,"70,000元","5,000元",42.74
北京市朝阳区朝来绿色家园来春园37号楼1层107,"11,425,000",朝阳-来广营-朝来绿色家园,"2,000,000元","50,000元",403.29
北京市朝阳区朝来绿色家园来春园37号楼1层101,"6,500,000",朝阳-来广营-朝来绿色家园,"1,300,000元","30,000元",227.24
北京市延庆区格兰山水8#商业1至2层802(148.94O),"4,571,624",延庆,"450,000元","20,000元",148.94
北京市西城区马连道路6号院6号楼-1层009,"1,500,000",西城,"150,000元","7,500元",升价
位于北京市东城区光明路7号2号楼1层101房产及其土地使用权（占比94.29%份额）,"55,287,968",东城,"11,000,000元","270,000元",5分
北京市大兴区天华大街5号院12号楼12层1210,"1,322,720",大兴,"130,000元","6,614元",104.37
北京市朝阳区广渠路21号楼2层0201房产,"12,415,000",朝阳,"1,200,000元","10,000元",543.73
北京市朝阳区观筑庭园801号楼9层1单元901（98.89O）,"2,090,000",朝阳,"210,000元","10,000元",98.89
北京市经济技术开发区文化园22号楼1层102,"4,798,400",大兴,"950,000元","23,000元",227.01
朝阳区亮马桥路32号7层8E,"3,500,000",朝阳,"600,000元","10,000元",110.02
北京市朝阳区望京东园四区11号楼5403号,"31,513,500",朝阳,"6,000,000元","150,000元",升价
北京市朝阳区东四环北路6号二区7号楼8号楼裙房1层2-97（55.27O）,"2,040,000",朝阳,"400,000元","10,000元",55.27
北京市昌平区昌平镇中山口路21号-1至1层21-9号房地产,"1,780,000",昌平,"180,000元","5,000元",99.37
北京市朝阳区北花园街甲1号院2号楼4层426房屋,"1,294,591.5",朝阳,"130,000元","6,000元",56.52
北京市海淀区羊坊店路18号2幢9层906（62.38O）,"1,110,000",海淀,"119,060元","5,000元",62.38
北京市朝阳区黄厂路3号院9号楼8层817号房产、位于北京市朝阳区黄厂路3号院1号楼至9号楼地下车库－1层071号车位,"1,129,240",朝阳,"200,000元",暂无,93.08
北京市海淀区羊坊店路18号2幢14层1425（62.38O）,"1,120,000",海淀,"121,425元","5,000元",62.38
北京市海淀区羊坊店路18号2幢12层1253（62.04O）,"1,110,000",海淀,"111,253元","5,000元",62.04
北京市海淀区羊坊店路18号2幢7层719（183.77O）,"3,900,000",海淀,"397,190元","19,000元",183.77
北京市海淀区羊坊店路18号2幢9层931（60.07O）,"1,070,000",海淀,"109,310元","5,000元",60.07
北京市海淀区羊坊店路18号2幢9层908（62.38O）,"1,110,000",海淀,"119,080元","5,000元",62.38
北京市海淀区羊坊店路18号2幢8层805（74.37O）,"1,330,000",海淀,"138,050元","6,000元",74.37
北京市海淀区羊坊店路18号2幢14层1411（84.18O）,"1,720,000",海淀,"181,411元","8,000元",84.18
北京市西城区马连道路6号院6号楼-1层013号房产一套,"1,245,888",西城-马连道-格调,"150,000元","3,000元",80.56
北京市海淀区羊坊店路18号2幢6层612（171.25O）,"3,630,000",海淀,"366,120元","18,000元",171.25
北京市海淀区羊坊店路18号2幢9层945（63.85O）,"1,140,000",海淀,"119,450元","5,000元",63.85
北京市西城区马连道路6号院6号楼6层703号房产一套,"3,813,248",西城-马连道-格调,"400,000元","10,000元",234.87
北京市朝阳区安立路101号院1号院17至18层1701号,"15,415,328",朝阳,"1,550,000元","10,000元",377.59
北京市海淀区德惠路1号楼-1层至1层3单元128,暂无,海淀-四季青-德顺园,"5,000,000元","50,000元",升价
北京市大兴区宏旭路1号院40号楼-2层至3层103号房产,暂无,大兴,"3,000,000元","50,000元",暂
北京市海淀区西三环北路72号院B座20层2300号,"7,324,800",海淀,"800,000元","30,000元",128.69
北京市昌平区北七家镇西湖新村B号楼1至3层1-3号,"13,320,000",昌平-北七家-西湖新村,"1,340,000元","5,000元",776.77
北京市通州区京洲园330号楼6层3单元603号,"1,557,500",通州,"311,500元","7,700元",90.03
北京市房山区阎村镇乐活家园28号楼4至5层1单元201室,"3,684,910",房山,"500,000元","10,000元",171.48
北京市通州区砖厂南里45号楼8层1单元803房屋50%的份额,"453,056",通州,"50,000元","3,000元",44.34
北京市通州区东果园1号楼5层501号房屋,"5,136,228.5",通州-东关-香林郡运河,"600,000元","10,000元",87.56
北京经济技术开发区景园北街2号院73幢-1层1014,"191,872",大兴,"35,000元","1,900元",63.29
北京市海淀区永定路乙1号院14号楼-2层C2035号车库（建筑面积：49.27O）,"300,000",海淀,"50,000元",暂无,49.27
北京市延庆区靳家堡乡黄柏寺村东1至3层全部,"21,637,000",延庆,"4,320,000元","100,000元",8526.58
北京市平谷区峪口镇中桥村兴桥路2号院内的西侧生产车间、西北侧办公楼及西平房共三幢工业用房,"2,570,000",平谷,"257,000元","12,000元",5分
北京经济技术开发区景园北街2号院73幢-1层1117,"234,880",大兴,"40,000元","2,300元",102.93
北京市经济技术开发区荣华中路5号院1号楼201、202、203号,"11,688,810",大兴,"1,200,000元",暂无,771.36
北京市大兴区黄村东大街38号院5号楼4层411房产的50%份额,"280,000",大兴,"30,000元","2,500元",29.27
北京市经济技术开发区文化园8号院2号楼1层107,"4,027,000",大兴,"800,000元","20,000元",184.77
北京市朝阳区弘燕山水文园2号楼1层103、104号不动产,"17,186,190",朝阳,"1,700,000元",暂无,494.13
北京市朝阳区弘燕山水文园2号楼1层108、109号不动产,"15,049,580",朝阳,"1,500,000元",暂无,522.73
北京经济技术开发区景园北街2号62幢-2至7层1单元办公房地产,"41,789,776",大兴,"8,000,000元","200,000元",升价
房山区阎村镇大紫草坞村东1号楼2层2-201,"1,024,000",房山,"102,000元","5,000元",60.39
北京运达通汇文化产业有限公司名下朝阳区清林东路4号院13幢-3层417个车位,"85,156,344",朝阳-北苑-林奥嘉园,"17,000,000元","420,000元",14914.62
北京市海淀区天秀花园澄秀园2、3、6号楼-1层配套用房16（36.46O）,"196,000",海淀,"39,000元",暂无,36.46
北京市海淀区天秀花园澄秀园2、3、6号楼-1层配套用房18（41.09O）,"218,400",海淀,"40,000元",暂无,41.09
位于大兴区黄村镇工业开发区北京南海实业发展公司名下土地及地上建筑物,"80,000,000",大兴-亦庄-北京云基地,"4,200,000元",暂无,升价
位于北京市昌平区崔村镇大辛峰村的土地承包经营权、地上建筑物、构筑物等地上物,"28,166,768",昌平,"5,000,000元",暂无,1036
北京市朝阳区双惠苑甲5号楼5层2单元607,"962,080",朝阳-双桥-金隅可乐,"90,000元",暂无,59.84
北京市丰台区广安路1幢-1层1030房屋,"534,982",丰台,"80,000元","2,000元",22.8
北京市西城区宣武门外大街26、28、30号2幢7层28号B707,"4,830,000",西城,"490,000元","10,000元",136.19
北京市朝阳区黄厂南里3号院20号楼9层1001,"2,279,200",朝阳-豆各庄-富力又一城,"230,000元",暂无,95.74
北京市通州区嘉创二路1号院4号楼2层201号房屋,"7,107,703",通州,"710,000元","20,000元",288.11
北京市朝阳区东坝中街14号院3号楼13层3单元1301房屋,"3,013,529",朝阳,"300,000元","15,000元",87.97
北京市平谷区马坊物流园区（WL-14）2#楼5区-628办公用途房地产,"448,000",平谷,"44,000元","4,400元",5分
北京市大兴区永旺路1号院6号楼16层三单元1601,"2,480,000",大兴,"250,000元","10,000元",89.91
北京市通州区台湖北里24号楼5层549房屋,"534,951.2",通州-次渠-东亚印象台湖,"60,000元","5,000元",38.45
北京市平谷区马坊物流园区（WL-14）2#楼5区-401办公用途房地产,"604,800",平谷,"60,000元","6,000元",5分
北京市顺义区安富街8号院16号楼9层二单元1001房屋,"12,725,000",顺义-后沙峪-中景江山赋,"1,270,000元","60,000元",板
北京市平谷区马坊物流园区（WL-14）2#楼5区-416办公用途房地产,"509,600",平谷,"50,000元","5,000元",5分
北京市平谷区马坊物流园区（WL-14）2#楼4区-413办公用途房地产,"604,800",平谷,"60,000元","6,000元",5分
北京市平谷区马坊物流园区（WL-14）2#楼4区-414办公用途房地产,"996,800",平谷,"90,000元","9,000元",5分
北京市平谷区马坊物流园区（WL-14）2#楼4区-514办公用途房地产,"996,800",平谷,"99,000元","9,000元",5分
北京市平谷区马坊物流园区（WL-14）2#楼4区-523办公用途房地产,"599,200",平谷,"59,000元","5,900元",5分
北京市平谷区马坊物流园区（WL-14）2#楼5区-601办公用途房地产,"1,019,200",平谷,"100,000元","5,000元",5分
北京市平谷区马坊物流园区（WL-14）2#楼4区-1224办公用途房地产,"991,200",平谷,"99,000元","9,900元",5分
北京市平谷区马坊物流园区（WL-14）2#楼4区-1321办公用途房地产,"448,000",平谷,"44,000元","4,400元",5分
北京市平谷区马坊物流园区（WL-14）2#楼4区1214办公用途房地产,"1,058,400",平谷,"100,000元","5,000元",5分
北京市大兴区天华街9号院2号楼21层2506号房屋,"1,050,000",大兴-旧宫-万源北路9号院,"210,000元","5,000元",65.6
北京市平谷区马坊物流园区（WL-14）2#楼5区-428办公用途房地产,"862,400",平谷,"80,000元","8,000元",5分
房山区翠枫路7号院2号楼1层103,"1,320,592",房山,"130,000元","6,602.96元",100.01
北京市平谷区马坊物流园区（WL-14）2#楼5区-420办公用途房地产,"526,400",平谷,"50,000元","5,000元",5分
北京市密云区新南路92号楼4层4211号房产,"1,209,214",密云-宾阳-新东路小区,"120,921元","2,000元",73.07
房山区翠枫路7号院2号楼1层122,"2,006,144",房山,"200,000元","10,030.72元",157.83
房山区翠枫路7号院2号楼1层106,"1,351,000",房山,"130,000元","6,755元",105.7
房山区翠枫路7号院2号楼1层124,"1,619,408",房山,"160,000元","8,097.04元",127.05
房山区翠枫路7号院1号楼7层704,"371,112",房山,"37,000元","3,711.1元",39.39
北京市密云区新南路92号楼4层4220号房产一套,"1,109,095",密云-宾阳-新东路小区,"110,910元","2,000元",67.02
房山区翠枫路7号院2号楼1层123,"1,749,552",房山,"170,000元","8,747.76元",137.26
房山区翠枫路7号院1号楼7层718,"356,080",房山,"35,608元","3,560.8元",39.39
房山区翠枫路7号院6号楼1层132,"1,666,400",房山,"160,000元","8,332元",116.29
房山区翠枫路7号院2号楼1层121,"1,351,896",房山,"140,000元","6,759.48元",105.77
房山区翠枫路7号院8号楼10层51013,"364,000",房山,"36,400元","3,640元",40.68
北京市平谷区马坊物流园区（WL-14）2#楼4区-1314办公用途房地产,"1,013,600",平谷,"101,360元","5,000元",5分
北京市平谷区马坊物流园区（WL-14）2#楼5区-520办公用途房地产,"526,400",平谷,"52,000元","5,200元",5分
北京市平谷区马坊物流园区（WL-14）2#楼4区-623办公用途房地产,"610,400",平谷,"61,040元","6,000元",5分
北京市平谷区马坊物流园区（WL-14）2#楼4区-509办公用途房地产,"436,800",平谷,"43,000元","4,300元",5分
北京市平谷区马坊物流园区（WL-14）2#楼5区-615办公用途房地产,"520,800",平谷,"52,000元","5,200元",5分
北京市通州区东石东一路1号院地下车库-2至-1层-155号不动产,"98,218,400",通州-首都机场-北平里,"19,643,680元","491,092元",9615.66
北京市平谷区马坊物流园区（WL-14）2#楼4区-422办公用途房地产,"453,600",平谷,"40,000元","4,000元",5分
北京市平谷区马坊物流园区（WL-14）2#楼4区-513办公用途房地产,"604,800",平谷,"60,000元","6,000元",5分
北京市平谷区马坊物流园区（WL-14）2#楼4区-410办公用途房地产,"436,800",平谷,"40,000元","4,000元",5分
北京市平谷区马坊物流园区（WL-14）2#楼4区1014办公用途房地产,"627,200",平谷,"62,720元","6,000元",5分
北京市平谷区马坊物流园区（WL-14）2#楼(办公)4区-723办公用途房地产,"610,400",平谷,"61,040元","6,000元",5分
北京市平谷区马坊物流园区（WL-14）2#楼5区-414办公用途房地产,"509,600",平谷,"50,000元","5,000元",5分
北京市平谷区马坊物流园区（WL-14）2#楼5区-527办公用途房地产,"442,400",平谷,"44,000元","4,400元",5分
北京市平谷区马坊物流园区（WL-14）2#楼(办公)4区-823办公用途房地产,"610,400",平谷,"61,040元","6,000元",5分
北京市平谷区马坊物流园区（WL-14）2#楼(办公)4区-821办公用途房地产,"448,000",平谷,"44,800元","4,000元",5分
北京市平谷区马坊物流园区（WL-14）2#楼5区-503办公用途房地产,"436,800",平谷,"43,680元","4,000元",5分
北京市平谷区马坊物流园区（WL-14）2#楼5区-302办公用途房地产,"593,600",平谷,"59,360元","5,000元",5分
北京市平谷区马坊物流园区（WL-14）2#楼4区-508办公用途房地产,"436,800",平谷,"43,680元","4,000元",5分
北京市平谷区马坊物流园区（WL-14）2#楼5区-501办公用途房地产,"604,800",平谷,"60,480元","6,000元",5分
北京市平谷区马坊物流园区（WL-14）2#楼4区-613办公用途房地产,"616,000",平谷,"61,000元","6,000元",5分
北京市平谷区马坊物流园区（WL-14）2#楼5区-617办公用途房地产,"952,000",平谷,"95,000元","9,500元",5分
北京市平谷区马坊物流园区（WL-14）2#楼4区-423办公用途房地产,"599,200",平谷,"50,000元","5,000元",5分
北京市平谷区马坊物流园区（WL-14）2#楼4区-524办公用途房地产,"929,600",平谷,"92,000元","9,000元",5分
北京市平谷区马坊物流园区（WL-14）2#楼4区1113办公用途房地产,"627,200",平谷,"62,720元","6,000元",5分
北京市平谷区马坊物流园区（WL-14）2#楼(办公)4区-824办公用途房地产,"952,000",平谷,"95,200元","9,000元",5分
北京市平谷区马坊物流园区（WL-14）2#楼4区-614办公用途房地产,"616,000",平谷,"61,000元","6,000元",5分
北京市平谷区马坊物流园区（WL-14）2#楼4区1115办公用途房地产,"896,000",平谷,"89,600元","8,000元",5分
北京市平谷区马坊物流园区（WL-14）2#楼5区-508办公用途房地产,"436,800",平谷,"43,680元","4,000元",5分
北京市平谷区马坊物流园区（WL-14）2#楼4区-1323办公用途房地产,"610,400",平谷,"61,000元","6,100元",5分
北京市平谷区马坊物流园区（WL-14）2#楼4区1114办公用途房地产,"627,200",平谷,"62,720元","6,000元",5分
北京市平谷区马坊物流园区（WL-14）2#楼225套办公用途房地产,"128,884,000",平谷,"12,000,000元","640,000元",5分
北京市平谷区马坊物流园区（WL-14）2#楼4区1123办公用途房地产,"621,600",平谷,"62,000元","6,200元",5分
北京市平谷区马坊物流园区（WL-14）2#楼(办公)4区-814办公用途房地产,"1,013,600",平谷,"101,360元","5,000元",5分
北京市平谷区马坊物流园区（WL-14）2#楼4区-1324办公用途房地产,"952,000",平谷,"95,000元","9,500元",5分
密云区日月路2号院1号楼1层115,"560,000",密云,"100,000元","5,000元",升价
北京市延庆区高塔街甲58号1幢1至2层601室商业用房,暂无,延庆,"500,000元","50,000元",暂
北京市朝阳区八里庄北里219号楼地下-1层286车位,"196,000",朝阳,"20,000元","1,500元",35.59
北京市朝阳区八里庄北里219号楼地下-1层282车位,"196,000",朝阳,"20,000元","1,500元",35.04
北京市昌平区建材城西路87号3号楼2层211号房地产,"2,470,000",昌平,"250,000元","5,000元",168.54
北京市昌平区鼓楼南街6号7层1单元717号房屋,"1,540,000",昌平,"160,000元","5,000元",74.91
北京市昌平区鼓楼南街6号8层1单元801号房屋,"4,200,000",昌平,"420,000元","5,000元",204.76
北京市平谷区马坊物流园区（WL-14）2#楼4区-510办公用途房地产,"436,800",平谷,"43,000元","4,300元",5分
天畅园6号楼1层6-102、105、106、108、109号共计5套商业房地产,"16,492,000",朝阳,"3,000,000元",暂无,715.81
北京市平谷区马坊物流园区（WL-14）2#楼4区1015办公用途房地产,"896,000",平谷,"89,600元","8,000元",5分
北京市平谷区马坊物流园区（WL-14）2#楼5区-611办公用途房地产,"420,000",平谷,"42,000元","4,200元",5分
北京市平谷区马坊物流园区（WL-14）2#楼5区-301办公用途房地产,"593,600",平谷,"59,360元","5,000元",5分
北京市平谷区马坊物流园区（WL-14）2#楼(办公)4区-914办公用途房地产,"1,036,000",平谷,"103,600元","5,000元",5分
北京市平谷区马坊物流园区（WL-14）2#楼4区-1313办公用途房地产,"616,000",平谷,"61,000元","6,100元",5分
北京市昌平区北七家蓬莱公寓50号楼1层A单元A2号房屋,"2,150,000",昌平,"220,000元","5,000元",92.52
北京市平谷区马坊物流园区（WL-14）2#楼5区-612办公用途房地产,"520,800",平谷,"52,000元","5,200元",5分
北京市平谷区马坊物流园区（WL-14）2#楼4区1013办公用途房地产,"627,200",平谷,"62,720元","6,000元",5分
北京市平谷区马坊物流园区（WL-14）2#楼5区-521办公用途房地产,"442,400",平谷,"44,000元","4,400元",5分
北京市西城区丰汇园8号楼11层1104号,"14,760,000",西城-金融街-丰汇园,"1,500,000元","30,000元",138.13
西城区闹市口大街9号院2号楼4层1单元501号,"23,737,626",西城-复兴门-闹市口大街,"2,000,000元",暂无,183.55
北京市西城区宫门口四条11号6幢1层房地产,"1,450,000",西城-阜成门-白塔寺小区,"150,000元","5,000元",不
北京市西城区新华里16号院2号楼5层506房屋,"5,201,370",西城-车公庄-新华里小区,"520,000元",暂无,57.62
北京市西城区新风街甲1号院2号楼7层701室,"14,978,895",西城,"1,500,000元","50,000元",128.3
北京市西城区新华里16号院2号楼5层507房屋,"9,152,560",西城-车公庄-新华里小区,"920,000元",暂无,115.33
北京市石景山区香山南路166号院9号楼6层7单元603房屋,"2,971,200",石景山,"300,000元","5,000元",84.2
北京市西城区阜成门内大街41号2幢1层、北京市西城区阜成门内大街41号3幢1层、北京市西城区阜成门内大街41号4幢1层房屋,"7,700,000",西城-阜成门-阜成门内大街148号,"1,160,000元",暂无,板
北京市昌平区天通中苑23号楼4层7单元401号房地产,"3,690,000",昌平,"370,000元","5,000元",130.46
北京市石景山区玉泉路65号院8号楼1层1单元2号房屋,"1,702,000",石景山-鲁谷-玉泉路65号院,"200,000元","5,000元",38.08
北京市通州区景盛南一街28号院5号楼8层803号,"1,080,800",通州,"100,000元","5,000元",76.23
北京市怀柔区桥梓镇北宅村657号4幢1至2层,"6,144,000",怀柔,"610,000元","30,000元",1036.18
北京市朝阳区利泽西街6号院8号楼1层1单元101和储物间-1层1单元-101,"28,730,000",朝阳,"4,300,000元","140,000元",268.34
北京市朝阳区首图东路5号2号楼28层32A,"7,200,000",朝阳,"1,440,000元","30,000元",228.84
北京市朝阳区顺黄路8号院21号楼-2至3层109,"19,402,400",朝阳,"2,000,000元","90,000元",324.26
北京市大兴区天华街9号院2号楼21层2506号房屋,"1,050,000",大兴-生物医药基地-B悦国际公寓,"210,000元","5,000元",65.6
北京市通州区玉桥东里5号楼7层671,"3,213,000",通州,"320,000元","10,000元",99.35
北京市朝阳区紫绶园3号楼4层405号房地产,"3,500,000",朝阳,"350,000元","5,000元",升价
北京市海淀区安宁庄西路15号1号楼9层6门901（建筑面积：240.83O）,"14,655,000",海淀-清河-安宁庄西路,"1,500,000元",暂无,240.83
石景山区聚兴园5号楼3层4单元302房屋,"3,726,000",石景山,"370,000元","5,000元",99.99
北京市朝阳区工人体育场北路9号5层603号,"11,494,000",朝阳,"2,290,000元","30,000元",149.25
北京市朝阳区景园小街1号3号楼2层2C,"9,034,056",朝阳-朝阳公园-景园公寓,"900,000元","45,000元",201.55
北京市海淀区复兴路51号1幢10层10111（270.04O）,"17,100,000",海淀-公主坟-国悦府,"1,710,000元",暂无,270.04
北京市昌平区北七家镇名佳花园12号楼6层4单元461号房地产,"1,830,000",昌平,"190,000元","5,000元",61.03
北京市西城区新街口西里二区3号楼6层05单元603号住宅,"8,640,000",西城-西直门-新街口西里二区,"870,000元","10,000元",117.27
石景山区玉泉西里二区19号楼3层1单元0301房屋,"4,030,000",石景山-鲁谷-远洋山水,"400,000元","5,000元",89.48
北京市昌平区东小口镇天通东苑一区41号楼6至7层4单元1,"3,440,000",昌平-天通苑-天通苑东一区,"600,000元","10,000元",137.68
北京市昌平区立汤路36号院51号楼1至3层106号房地产,"15,110,000",昌平,"1,520,000元","5,000元",409.84
北京市昌平区北街家园2号楼-1至3层202号,"8,310,000",昌平-沙河-高教大楼,"840,000元","5,000元",254.25
北京市昌平区水库路16号院二区15号2层1单元203、204号房地产,"4,480,000",昌平-昌平县城-北京随园,"450,000元","5,000元",升价
北京市昌平区景文东路2号院10号楼7层3单元701号房屋,"2,170,000",昌平-南邵-中国水电北郡嘉源,"220,000元","5,000元",80.7
北京市昌平区育知东路30号院4号楼9层3单元901号,"4,750,000",昌平-回龙观-首开智慧社,"480,000元","5,000元","板楼,塔"
北京市昌平区昌平镇郝庄家园南区2号楼1层1单元111号,"2,330,000",昌平-昌平县城-郝庄家园,"240,000元","5,000元",131.08
北京市大兴区瀛海镇兴海园小区17号楼4层6-401号房屋,"2,390,000",大兴-瀛海-兴海园,"240,000元","5,000元",83.96
北京市西城区红莲中里2号楼2层2-201（63.5O）,"4,410,000",西城-马连道-红莲中里,"450,000元","22,000元",63.5
北京市西城区红莲中里28号楼6层6-609,"5,549,000",西城-马连道-红莲中里,"1,100,000元","20,000元",74.11
北京市朝阳区太阳宫金星园1号楼6层3单元3062,"8,805,000",朝阳-太阳宫-太阳星城金星园,"1,400,000元","40,000元",104.42
北京市海淀区万柳新纪元家园5号楼14层2门1702（321.55O）,"35,520,000",海淀-万柳-涧桥泊屋,"3,560,000元","50,000元",321.55
北京市昌平区雅馨家园13号楼6层1单元11号房屋,"4,090,000",昌平-昌平县城-雅馨家园,"410,000元","5,000元",150.55
北京市石景山区玉泉西里一区9号楼6层3单元701（87.74O）,"5,330,000",石景山-鲁谷-远洋沁山水,"540,000元","20,000元",87.74
北京市朝阳区芳园南里9号院6号楼9层3单元3-1001,"8,990,000",朝阳-酒仙桥-上东8号,"1,790,000元","30,000元",200.31
北京市门头沟区增产路16号院4号楼12层1202（191.27O）,"7,690,000",门头沟-河滩-增产路21号院,"1,530,000元","38,000元",191.27
北京市朝阳区水碓子北里1号楼10层6单元1101,"8,921,000",朝阳-团结湖-万科东第,"900,000元","40,000元",174.93
北京市昌平区昌平镇燕平家园34号楼12层4单元1204号房屋,"3,910,000",昌平-昌平县城-燕平家园,"400,000元","5,000元",151.35
北京市房山区琉璃河车站东街3号31号楼5层③-502,"701,000",房山-琉璃河-金水家园,"140,000元","7,000元",58.22
北京市大兴区旧宫镇清欣园10号楼4层1-401号,"3,120,000",大兴-旧宫-清欣园,"320,000元","5,000元",111.48
北京市大兴区黄村镇兴盛园5号楼3层3-302,"4,347,000",大兴-高米店-骏城,"430,000元","20,000元",升价
